<?xml version="1.0" encoding="UTF-8"?>
<beans xmlns="http://www.springframework.org/schema/beans"
	xmlns:xsi="http://www.w3.org/2001/XMLSchema-instance"
	xsi:schemaLocation="http://www.springframework.org/schema/beans https://www.springframework.org/schema/beans/spring-beans.xsd">
	
	<!-- spring에서 사용 할 객체를 생성하는 영역(New로 만드는 것들) -->
	
	<!-- singleton으로 만들어짐(즉, DAO에서 singleton을 만들지 않아도 됨) -->
	
	<!-- PersonVO p1 = new PersonVO(); -->
	<bean id="p1" class="vo.PersonVO"> <!-- id : 객체명  class : 생성 할 클래스의 명,위치-->
		<!-- p1.setName("홍길동") -->
		<property name="name" value="홍길동"/> <!-- name란 변수에 홍길동을 넣는다 --> <!-- PersonVO에 setter가 없다면 실행되지 않는다 -->
		<property name="age" value="23"></property> <!-- setter : property로 만들어야 한다 -->
		<property name="tel" value="010-2323-2323"></property>
		<!-- 위와 같이 setter를 참조하여 값을 집어넣는 방식을 SI(Setter Injection)리고 한다 -->
	</bean>
	
	<!-- PersonVO p2 = new PersonVO("김길동",25,"010-2222-2222");  -->
	<bean id="p2" class="vo.PersonVO"> <!-- 객체 생성  -->
		<constructor-arg value="박길동"/> <!-- 생성자로 객체 생성 -->
		<constructor-arg value="33"/>
		<constructor-arg value="010-3333-3333"/>
		<!-- 위와 같은 방식을 CI(Constructor Injection)이라고 한다 -->
	</bean>
	
	
	<!-- spring bean은 기본 값으로 객체를 singleton 형식으로 만들기 때문에 필요에 따라 객체가 그때그때 생성될 수 있도록 처리 -->
	
	<!-- String nameBean = "안녕하세요";(X) => String nameBean = new String("오길동"); -->
	<bean id="nameBean" class="java.lang.String">
		<constructor-arg value="오길동"/>
	</bean>
	<!-- Integer ageBean = new Integer(21); -->
	<bean id="ageBean" class="java.lang.Integer"> 
		<constructor-arg value="21"/>
	</bean>
	<!-- String telBean = new String("010-2121-2121"); -->
	<bean id="telBean" class="java.lang.String"> 
		<constructor-arg value="010-2121-2121"/>
	</bean>
	
	<bean id="p3" class="vo.PersonVO">
		<!-- 외부의 bean을 참조해서 사용하는 구조를 DI(Dependency Injection : 의존성 주입)라고 한다 -->
		<constructor-arg ref="nameBean"/>
		<constructor-arg ref="ageBean"/>
		<constructor-arg ref="telBean"/>
	</bean>
	
	<!-- scope가 prototype으로 지정되어 있으면 singleton으로 생성되지 않는다 -->
	<!-- prototype : 브라우저가 호출 될 때마다 그때그때 생성이 된다  -->
	<bean id="p4" class="vo.PersonVO" scope="prototype">
		<property name="name" ref="nameBean"/>
		<property name="age" ref="ageBean"/>
		<property name="tel" ref="telBean"/>
	</bean>
	
	
	
	
	
	
	
	
	
	
	
	
	
	
	
	
	
		
</beans>
