<?xml version="1.0" encoding="UTF-8"?>
<beans:beans xmlns="http://www.springframework.org/schema/mvc"
	xmlns:xsi="http://www.w3.org/2001/XMLSchema-instance"
	xmlns:beans="http://www.springframework.org/schema/beans"
	xmlns:context="http://www.springframework.org/schema/context"
	xsi:schemaLocation="http://www.springframework.org/schema/mvc https://www.springframework.org/schema/mvc/spring-mvc.xsd
		http://www.springframework.org/schema/beans https://www.springframework.org/schema/beans/spring-beans.xsd
		http://www.springframework.org/schema/context https://www.springframework.org/schema/context/spring-context.xsd">

	<!-- DispatcherServlet Context: defines this servlet's request-processing infrastructure -->
	
	<!-- Enables the Spring MVC @Controller programming model -->
	<annotation-driven />

	<!-- Handles HTTP GET requests for /resources/** by efficiently serving up static resources in the ${webappRoot}/resources directory -->
	<resources mapping="/resources/**" location="/resources/" />

	<!-- return되는 경로 자동으로 지정되는 곳 -->
	<beans:bean class="org.springframework.web.servlet.view.InternalResourceViewResolver">
		<beans:property name="prefix" value="/WEB-INF/views/" />
		<beans:property name="suffix" value=".jsp" />
	</beans:bean>
	
	<!-- Component를 가지고 있는 패키지 자동생성 -->
	<!-- 자동생성은 따로 코드를 작성하지 않아도 Autowired를 자동으로 사용할 수 있다 -->
	<context:component-scan base-package="dao, controller" />
	
	<!-- 컨트롤러 자동 생성 (Auto-Detecting) -->
	<!-- <context:component-scan base-package="com.korea.db" /> -->
	
	<!-- 컨트롤러 수동 생성 시 autowired를 사용가능하게 하기위한 설정 -->
	<!-- <context:annotation-config/> -->
	
	<!-- 컨트롤러 수동 생성 -->
	<!-- <beans:bean class="com.korea.visit.VisitController">
		<beans:constructor-arg ref="visit_dao"/>
	</beans:bean> -->
	 
	
</beans:beans>
