<?xml version="1.0" encoding="UTF-8" ?>
<!DOCTYPE mapper
PUBLIC "-//mybatis.org//DTD Mapper 3.0//EN"
"http://mybatis.org/dtd/mybatis-3-mapper.dtd">

<!-- mapper에서는 ; 를 쓰지 않는다 -->
<mapper namespace="b">
	<!-- 전체 조회 -->
	<select id="board_list" resultType="board">
		select * from board order by ref DESC, step
	</select>
	
	<!-- idx에 해당되는 게시글 정보 조회(상세보기) -->
	<select id="board_list_one" resultType="board" parameterType="int">
		select * from board where idx=#{idx}
	</select>
	
	<!-- 페이지별 게시글 조회 -->
	<select id="board_list_condition" resultType="board" parameterType="java.util.Map">
		select * from ( select rank() over(order by ref desc, step asc) no, b.* from( select * from board ) b ) where no between #{start} and #{end} <!-- map의 key값으로 가져온다 -->
	</select>
	
	<!-- 전체 게시물 수 조회(하단의 페이지 수 구하기 위해) -->
	<select id="board_count" resultType="int">
		select COUNT(*) from board 
	</select>
	
	<!-- 새 글 추가 -->
	<insert id="board_insert" parameterType="board">
		insert into board values(seq_board_idx.nextVal,#{name},#{subject},#{content},#{pwd},#{ip},sysdate,0,seq_board_idx.currVal,0,0,0)
	</insert>
	
	<!-- 댓글 추가 -->
	<insert id="board_insert_reply" parameterType="board">
		insert into board values(seq_board_idx.nextVal,#{name},#{subject},#{content},#{pwd},#{ip},sysdate,0,#{ref},#{step},#{depth},0)
	</insert>
	
	<!-- 조회수 업데이트 -->
	<update id="board_update_readhit" parameterType="int">
		update board set readhit = readhit + 1 where idx=#{idx}
	</update>
	
	<!-- 댓글처리를 위한 step값 증가 -->
	<update id="board_update_step" parameterType="board">
		update board set step = step + 1 where ref=#{ref} and step > #{step}
	</update>
	
	<update id="board_del_update" parameterType="board">
		update board set name=#{name} , subject=#{subject} , del_info = -1 where idx=#{idx}
	</update>
	
	<update id="board_update" parameterType="board">
 		update board set name=#{name}, subject=#{subject}, content=#{content}, pwd=#{pwd}, ip=#{ip} where idx=#{idx}
 	</update>
 	
</mapper>












