<?xml version="1.0" encoding="UTF-8"?>
<beans:beans xmlns="http://www.springframework.org/schema/mvc"
	xmlns:xsi="http://www.w3.org/2001/XMLSchema-instance"
	xmlns:beans="http://www.springframework.org/schema/beans"
	xmlns:context="http://www.springframework.org/schema/context"
	xsi:schemaLocation="http://www.springframework.org/schema/mvc https://www.springframework.org/schema/mvc/spring-mvc.xsd
		http://www.springframework.org/schema/beans https://www.springframework.org/schema/beans/spring-beans.xsd
		http://www.springframework.org/schema/context https://www.springframework.org/schema/context/spring-context.xsd">

	<!-- DispatcherServlet Context: defines this servlet's request-processing infrastructure -->
	
	<!-- Enables the Spring MVC @Controller programming model -->
	<annotation-driven />

	<!-- Handles HTTP GET requests for /resources/** by efficiently serving up static resources in the ${webappRoot}/resources directory -->
	<resources mapping="/resources/**" location="/resources/" />

	<!-- Resolves views selected for rendering by @Controllers to .jsp resources in the /WEB-INF/views directory -->
	<beans:bean class="org.springframework.web.servlet.view.InternalResourceViewResolver">
		<beans:property name="prefix" value="/WEB-INF/views/" />
		<beans:property name="suffix" value=".jsp" />
	</beans:bean>
	
	<!-- 아래와 같이 패키지만 명시하면 그 안레 존재하는 컨트롤러를 자동으로 생성해 주는 기능을 auto-detecting(자동생성)이라고 한다 But, Injection을 사용할 수가 없다 -->
	<!-- <context:component-scan base-package="com.korea.test_di, controller" /> -->	<!-- controller 자동 생성 -->
	
	
	<!-- 수동으로 BoardController를 생성  -->
	<beans:bean class="controller.BoardController">
		<beans:property name="service" ref="serviceBean"/> <!-- root-context에 있는 객체를 servlet-context까지 가져오는 작업 -->
	</beans:bean>
	
	
	
</beans:beans>
