<?xml version="1.0" encoding="UTF-8"?>
<beans xmlns="http://www.springframework.org/schema/beans"
	xmlns:xsi="http://www.w3.org/2001/XMLSchema-instance"
	xmlns:context="http://www.springframework.org/schema/context"
	xsi:schemaLocation="http://www.springframework.org/schema/beans https://www.springframework.org/schema/beans/spring-beans.xsd
		http://www.springframework.org/schema/context http://www.springframework.org/schema/context/spring-context-3.1.xsd">
	
	<!-- DB연결 전용 root-context.xml -->
	<!-- DB연결 -->
	<context:property-placeholder location="classpath:config/mybatis/db.properties"/>
	
	<!-- DB연결을 위한 라이브러리 객체 생성(어떤 비밀번호로 최대 몇명 접속을 허락하는지 설정) -->
	<bean id="ds" class="org.apache.commons.dbcp.BasicDataSource"> <!-- 다운 받은 dbcp 라이브러리가 존재하는 패키지 위치  -->
		<!-- BasicDataSource라는 class는 유저이름,비밀번호 등 설정할 수 있는 setter가 존재함 -->
		<property name="driverClassName" value="${driver}"/> <!-- db.properties에 존재하는 driver를 value로 넣는다 우리의 DB를 집어넣는다 -->
		<property name="url" value="${url}"/> <!-- db.properties에 존재하는 url을 value로 넣는다 -->
		<property name="username" value="${user}"/> <!-- db.properties에 존재하는 user을 value로 넣는다 -->
		<property name="password" value="${password}"/> <!-- db.properties에 존재하는 password을 value로 넣는다 -->
		<property name="maxActive" value="20"/> <!-- connextion pool 설정 -->
	</bean>
		
</beans>
