<?xml version="1.0" encoding="UTF-8"?>
<beans xmlns="http://www.springframework.org/schema/beans"
	xmlns:xsi="http://www.w3.org/2001/XMLSchema-instance"
	xsi:schemaLocation="http://www.springframework.org/schema/beans https://www.springframework.org/schema/beans/spring-beans.xsd">
	
	<bean id="mySetBean" class="ex.MySet">
		<property name="set"> <!-- Set mySetBean -->
			<set> <!-- new Set() -->
			<!-- hs = new HashSet();
				 hs.add("seoul"); -->
				 <value>서울</value>
				 <value>인천</value>
				 <value>광주</value>
				 <value>부산</value>
				 <value>대구</value>
				 <value>대전</value>
			</set>
		</property>
	</bean>
	
	<!-- MyList myListBean = new MyList(); -->
	<bean id="myListBean" class="ex.MyList">
		<property name="list">
			<list>
				<value>사과</value>
				<value>복숭아</value>
				<value>수박</value>
				<value>청포도</value>
				<value>오렌지</value>
			</list>
		</property>
	</bean>
	
	<bean id="myMapBean" class="ex.MyMap">
		<property name="map">
			<map>
				<entry key="hong" value="20"/>
				<entry key="kim" value="23"/>
				<entry key="park" value="35"/>
			</map>
		</property>
	</bean>
		
</beans>
